Workbook

Sheet Dashboard
A1: Dashboard TSPI - Clubhouse Parts ERP
J2: Status | K2: Count | M2: Miembro | N2: Horas | P2: Semana | Q2: Horas
A3: Proyecto | B3: Clubhouse Parts ERP | D3: Total tareas | F3: Tareas completadas | J3: Done | K3: =COUNTIF(Task_Planning!F4:F100,"Done") -> 1 | M3: Andres Sebastián Avendaño Pedraza | N3: =SUMIF(Time_Tracking!B4:B191,M3,Time_Tracking!E4:E191) -> 11 | P3: 1 | Q3: =Weekly_Summary!C4 -> 32
A4: Duración | B4: 12 semanas / 3 meses | D4: =COUNTA(Task_Planning!A4:A100) -> 12 | F4: =COUNTIF(Task_Planning!F4:F100,"Done") -> 1 | J4: In Progress | K4: =COUNTIF(Task_Planning!F4:F100,"In Progress") -> 0 | M4: Santiago Restrepo Arismendy | N4: =SUMIF(Time_Tracking!B4:B191,M4,Time_Tracking!E4:E191) -> 14 | P4: 2 | Q4: =Weekly_Summary!C5 -> 36
A5: Inicio | B5: 46094 | D5: Defectos abiertos | F5: Horas registradas | J5: Not Started | K5: =COUNTIF(Task_Planning!F4:F100,"Not Started") -> 11 | M5: Vanessa Gómez López | N5: =SUMIF(Time_Tracking!B4:B191,M5,Time_Tracking!E4:E191) -> 16 | P5: 3 | Q5: =Weekly_Summary!C6 -> 42
A6: Fin estimado | B6: 46180 | D6: =COUNTIF(Defect_Log!F4:F100,"Open")+COUNTIF(Defect_Log!F4:F100,"In Review") -> 3 | F6: =SUM(Time_Tracking!E4:E191) -> 82 | M6: Juan Diego Murillo Rivas | N6: =SUMIF(Time_Tracking!B4:B191,M6,Time_Tracking!E4:E191) -> 5 | P6: 4 | Q6: =Weekly_Summary!C7 -> 38
M7: Sofía Arismendy Quintero | N7: =SUMIF(Time_Tracking!B4:B191,M7,Time_Tracking!E4:E191) -> 11 | P7: 5 | Q7: =Weekly_Summary!C8 -> 44
M8: Miguel Ángel Mejía Barrera | N8: =SUMIF(Time_Tracking!B4:B191,M8,Time_Tracking!E4:E191) -> 10 | P8: 6 | Q8: =Weekly_Summary!C9 -> 46
M9: Brahian Danilo Hurtado Muñoz | N9: =SUMIF(Time_Tracking!B4:B191,M9,Time_Tracking!E4:E191) -> 9 | P9: 7 | Q9: =Weekly_Summary!C10 -> 48
P10: 8 | Q10: =Weekly_Summary!C11 -> 50
P11: 9 | Q11: =Weekly_Summary!C12 -> 40
P12: 10 | Q12: =Weekly_Summary!C13 -> 36
P13: 11 | Q13: =Weekly_Summary!C14 -> 34
P14: 12 | Q14: =Weekly_Summary!C15 -> 30

Sheet Team_Roster
A1: Team Roster
A3: Member ID | B3: Nombre | C3: Rol | D3: Correo | E3: Responsabilidad
A4: TM-01 | B4: Andres Sebastián Avendaño Pedraza | C4: Frontend | D4: andressebastianavendanopedraza@fumc.edu.co | E4: Catálogo, UI principal
A5: TM-02 | B5: Brahian Danilo Hurtado Muñoz | C5: Frontend | D5: brahiandanilohurtadomunoz@fumc.edu.co | E5: POS y órdenes de trabajo
A6: TM-03 | B6: Juan Diego Murillo Rivas | C6: Full Stack | D6: juandiegomurillorivas@fumc.edu.co | E6: Arquitectura, integración
A7: TM-04 | B7: Miguel Ángel Mejía Barrera | C7: Backend | D7: miguelangelmejiabarrera@fumc.edu.co | E7: Base de datos, inventario
A8: TM-05 | B8: Santiago Restrepo Arismendy | C8: QA | D8: santiagorestrepoarismendy@fumc.edu.co | E8: QA, casos de prueba, defectos
A9: TM-06 | B9: Sofía Arismendy Quintero | C9: Frontend | D9: sofiaarismendyquintero@fumc.edu.co | E9: Clientes y vehículos
A10: TM-07 | B10: Vanessa Gómez López | C10: Backend | D10: vanessagomezlopez@fumc.edu.co | E10: Auth, roles, APIs

Sheet Project_Plan
A1: Project Plan - 3 meses
A3: Phase ID | B3: Fase | C3: Inicio | D3: Fin | E3: Responsable | F3: Estado | G3: (EJEMPLOS) Entregable
A4: P1 | B4: Análisis de requisitos | C4: 46094 | D4: 46101 | E4: Vanessa Gómez López | F4: Done | G4: SRS
A5: P2 | B5: Diseño de arquitectura | E5: Juan Diego Murillo Rivas | F5: Not Started | G5: Arquitectura y BD definidas
A6: P3 | B6: Desarrollo frontend | E6: Andres Sebastián Avendaño Pedraza | F6: Not Started | G6: Interfaces principales operativas
A7: P4 | B7: Desarrollo backend | E7: Vanessa Gómez López | F7: Not Started | G7: APIs y lógica de negocio
A8: P5 | B8: Integración | E8: Juan Diego Murillo Rivas | F8: Not Started | G8: Frontend y backend conectados
A9: P6 | B9: Pruebas QA | E9: Santiago Restrepo Arismendy | F9: Not Started | G9: Reporte de pruebas y defectos
A10: P7 | B10: Despliegue | E10: Miguel Ángel Mejía Barrera | F10: Not Started | G10: Sistema entregado y validado

Sheet Task_Planning
A1: Task Planning
A3: Task ID | B3: Tarea | C3: Fase | D3: Responsable | E3: Prioridad | F3: Estado | G3: Horas est. | H3: Horas reales
A4: T-001 | B4: Revisión del SRS y alcance del sistema | C4: Análisis de requisitos | D4: Vanessa Gómez López | E4: High | F4: Done | G4: 12 | H4: 14
A5: T-002 | B5: Definir arquitectura y módulos principales | C5: Diseño de arquitectura | D5: Juan Diego Murillo Rivas | E5: High | F5: Not Started
A6: T-003 | B6: Diseñar base de datos PostgreSQL | C6: Diseño de arquitectura | D6: Miguel Ángel Mejía Barrera | E6: High | F6: Not Started
A7: T-004 | B7: Implementar login y control por roles | C7: Desarrollo backend | D7: Vanessa Gómez López | E7: High | F7: Not Started
A8: T-005 | B8: Crear interfaz de catálogo público | C8: Desarrollo frontend | D8: Andres Sebastián Avendaño Pedraza | E8: High | F8: Not Started
A9: T-006 | B9: Desarrollar módulo de inventario por sede | C9: Desarrollo backend | D9: Miguel Ángel Mejía Barrera | E9: High | F9: Not Started
A10: T-007 | B10: Implementar módulo de clientes y vehículos | C10: Desarrollo frontend | D10: Sofía Arismendy Quintero | E10: Medium | F10: Not Started
A11: T-008 | B11: Construir flujo POS de ventas | C11: Desarrollo frontend | D11: Brahian Danilo Hurtado Muñoz | E11: High | F11: Not Started
A12: T-009 | B12: Crear órdenes de trabajo y servicios | C12: Desarrollo full stack | D12: Juan Diego Murillo Rivas | E12: High | F12: Not Started
A13: T-010 | B13: Ejecutar pruebas funcionales y de regresión | C13: Pruebas QA | D13: Santiago Restrepo Arismendy | E13: High | F13: Not Started
A14: T-011 | B14: Corregir defectos críticos | C14: Pruebas QA | D14: Vanessa Gómez López | E14: High | F14: Not Started
A15: T-012 | B15: Preparar despliegue y validación final | C15: Despliegue | D15: Miguel Ángel Mejía Barrera | E15: Medium | F15: Not Started

Sheet Time_Tracking
A1: Time Tracking
A3: Fecha | B3: Miembro | C3: Task ID | D3: Actividad | E3: Horas
A4: 46101 | B4: Vanessa Gómez López | C4: T-001 | D4: Revisión del SRS | E4: 4
B5: Santiago Restrepo Arismendy | C5: T-001 | D5: Criterios de aceptación | E5: 5
B6: Juan Diego Murillo | C6: T-002 | D6: Arquitectura inicial | E6: 6
B7: Miguel Ángel Mejía Barrera | C7: T-003 | D7: Modelo de datos | E7: 6
B8: Andres Sebastián Avendaño Pedraza | C8: T-005 | D8: Wireframes catálogo | E8: 6
B9: Sofía Arismendy Quintero | C9: T-007 | D9: Diseño módulo clientes | E9: 5
B10: Vanessa Gómez López | C10: T-004 | D10: Auth backend | E10: 6
B11: Brahian Danilo Hurtado Muñoz | C11: T-008 | D11: Vista POS | E11: 4
B12: Andres Sebastián Avendaño Pedraza | C12: T-005 | D12: Catálogo responsive | E12: 5
B13: Miguel Ángel Mejía Barrera | C13: T-006 | D13: Inventario por sede | E13: 4
B14: Vanessa Gómez López | C14: T-004 | D14: Roles y sesiones | E14: 6
B15: Santiago Restrepo Arismendy | C15: T-010 | D15: Diseño de casos de prueba | E15: 4
B16: Juan Diego Murillo Rivas | C16: T-009 | D16: Modelo órdenes de trabajo | E16: 5
... B19: Santiago Restrepo Arismendy | C19: T-010 | D19: Pruebas login e inventario | E19: 5

Sheet Defect_Log
A1: Defect Log
A3: Defect ID | B3: Fecha | C3: Módulo | D3: Descripción | E3: Severidad | F3: Estado | G3: Reportado por | H3: Fecha cierre
A4: D-001 | B4: 46122 | C4: Login | D4: La validación permite contraseña vacía en caso límite | E4: High | F4: Open | G4: Santiago Restrepo Arismendy
A5: D-002 | B5: 46124 | C5: Inventario | D5: El stock puede quedar negativo al confirmar una venta | E5: Critical | F5: Open | G5: Santiago Restrepo Arismendy
A6: D-003 | B6: 46127 | C6: Catálogo | D6: La búsqueda por compatibilidad no devuelve todos los resultados | E6: Medium | F6: In Review | G6: Santiago Restrepo Arismendy
A7: D-004 | B7: 46130 | C7: Clientes | D7: Formulario no valida correo duplicado | E7: Low | F7: Fixed | G7: Santiago Restrepo Arismendy
A11: ESTO ES UN EJEMPLO DE COMO LO VAMOS A LLEVAR ESTE MODULO

Sheet Risk_Log
A1: Risk Log
A3: Risk ID | B3: Riesgo | C3: Probabilidad | D3: Impacto | E3: Mitigación | F3: Responsable | G3: Estado
A4: R-001 | B4: Retrasos en integración frontend-backend | C4: High | D4: High | E4: Revisiones técnicas semanales y endpoints con contrato definido | F4: Juan Diego Murillo Rivas | G4: Open
A5: R-002 | B5: Sobrecarga de tareas en frontend | C5: Medium | D5: High | E5: Redistribuir tareas entre Frontend y Full Stack | F5: Andres Sebastián Avendaño Pedraza | G5: Monitoring
A6: R-003 | B6: Errores de rendimiento en base de datos | C6: Medium | D6: Medium | E6: Optimizar consultas y revisar índices | F6: Miguel Ángel Mejía Barrera | G6: Monitoring
A7: R-004 | B7: Hallazgo tardío de bugs críticos | C7: Medium | D7: High | E7: QA continuo sobre módulos terminados | F7: Santiago Restrepo Arismendy | G7: Open
A11: ESTO ES UN EJEMPLO DE COMO LO VAMOS A LLEVAR ESTE MODULO

Sheet Weekly_Summary
A1: Weekly Summary
A3: Semana | B3: Enfoque principal | C3: Horas del equipo | D3: Defectos abiertos | E3: Resultado
A4: 1 | B4: Levantamiento de requisitos | C4: 32 | D4: 0 | E4: SRS aprobado
A5: 2 | B5: Cierre de requisitos y priorización | C5: 36 | D5: 0 | E5: Módulos definidos
A6: 3 | B6: Diseño de arquitectura | C6: 42 | D6: 0 | E6: Modelo técnico base
A7: 4 | B7: Diseño de base de datos y flujos | C7: 38 | D7: 1 | E7: Schema inicial
A8: 5 | B8: Inicio desarrollo frontend | C8: 44 | D8: 2 | E8: Catálogo público
A9: 6 | B9: Inicio desarrollo backend | C9: 46 | D9: 1 | E9: Auth y roles
A10: 7 | B10: Inventario y clientes | C10: 48 | D10: 2 | E10: CRUD principal
A11: 8 | B11: Ventas y órdenes de trabajo | C11: 50 | D11: 2 | E11: Módulos núcleo
A12: 9 | B12: Integración | C12: 40 | D12: 3 | E12: Conexión módulos
A13: 10 | B13: QA funcional | C13: 36 | D13: 4 | E13: Bugs priorizados
A14: 11 | B14: Correcciones y regresión | C14: 34 | D14: 2 | E14: Estabilización
A15: 12 | B15: Despliegue y cierre | C15: 30 | D15: 1 | E15: Entrega final
A18: ESTO ES UN EJEMPLO DE COMO LO VAMOS A LLEVAR ESTE MODULO
